<?xml version="1.0" encoding="utf-8"?>
<List xmlns:ows="Microsoft SharePoint" Title="MyNiem - User Interest List" FolderCreation="FALSE" Direction="$Resources:Direction;" Url="Lists/Niem.MyNiem-UserInterestListLD" BaseType="0" xmlns="http://schemas.microsoft.com/sharepoint/">
  <MetaData>
    <ContentTypes>
      <ContentType ID="0x0100DC888E3C311140BAA6F8C75C40F00775" Name="UserInterest" 
                   Description="Stores the user's interest information">
        <FieldRefs>
          <FieldRef ID="{fa564e0f-0c70-4ab9-b863-0177e6ddd247}" Name="Title"></FieldRef>
          <FieldRef ID="{0A7C94AB-6B3D-4D68-B065-02AFEE0ED341}" Name="User"></FieldRef>
          <FieldRef ID="{6DC0675C-7C40-4889-BD2E-7634184A8001}" Name="WebID"></FieldRef>
          <FieldRef ID="{2E262DD6-4E5D-49D0-9EEA-CC6B8E022C14}" Name="ListID"></FieldRef>
          <FieldRef ID="{61EBC2BD-F295-4BDC-87C7-5345172FE2A6}" Name="ItemID"></FieldRef>
        </FieldRefs>
      </ContentType>
    </ContentTypes>
    <Fields>
      <Field Type="Text" ID="{fa564e0f-0c70-4ab9-b863-0177e6ddd247}" Name="Title" DisplayName="Title" StaticName="Title" Required="FALSE"/>
      <Field Type="User" ID="{0A7C94AB-6B3D-4D68-B065-02AFEE0ED341}" Name="User" DisplayName="User" StaticName="User" Required="TRUE" UserSelectionMode="0" />
      <Field Type="Text" ID="{6DC0675C-7C40-4889-BD2E-7634184A8001}" Name="WebID" DisplayName="WebID" StaticName="WebID" Required="TRUE"/>
      <Field Type="Text" ID="{2E262DD6-4E5D-49D0-9EEA-CC6B8E022C14}" Name="ListID" DisplayName="ListID" StaticName="ListID" Required="TRUE"/>
      <Field Type="Text" ID="{61EBC2BD-F295-4BDC-87C7-5345172FE2A6}" Name="ItemID" DisplayName="ItemID" StaticName="ItemID" Required="TRUE"/>
    </Fields>
    <Views>
      <View BaseViewID="0" Type="HTML" MobileView="TRUE" TabularView="FALSE">
        <Toolbar Type="Standard" />
        <XslLink Default="TRUE">main.xsl</XslLink>
        <RowLimit Paged="TRUE">30</RowLimit>
        <ViewFields>
          <FieldRef Name="LinkTitleNoMenu"></FieldRef>
          <FieldRef Name="User"></FieldRef>
          <FieldRef Name="WebID"></FieldRef>
          <FieldRef Name="ListID"></FieldRef>
          <FieldRef Name="ItemID"></FieldRef>
        </ViewFields>
        <Query>
          <OrderBy>
            <FieldRef Name="Modified" Ascending="FALSE"></FieldRef>
          </OrderBy>
        </Query>
        <ParameterBindings>
          <ParameterBinding Name="AddNewAnnouncement" Location="Resource(wss,addnewitem)" />
          <ParameterBinding Name="NoAnnouncements" Location="Resource(wss,noXinviewofY_LIST)" />
          <ParameterBinding Name="NoAnnouncementsHowTo" Location="Resource(wss,noXinviewofY_ONET_HOME)" />
        </ParameterBindings>
      </View>
      <View BaseViewID="1" Type="HTML" WebPartZoneID="Main" DisplayName="$Resources:core,objectiv_schema_mwsidcamlidC24;" DefaultView="TRUE" MobileView="TRUE" MobileDefaultView="TRUE" SetupPath="pages\viewpage.aspx" ImageUrl="/_layouts/images/generic.png" Url="AllItems.aspx">
        <Toolbar Type="Standard" />
        <XslLink Default="TRUE">main.xsl</XslLink>
        <RowLimit Paged="TRUE">30</RowLimit>
        <ViewFields>
          <FieldRef Name="Attachments"></FieldRef>
          <FieldRef Name="LinkTitle"></FieldRef>
          <FieldRef Name="User"></FieldRef>
          <FieldRef Name="WebID"></FieldRef>
          <FieldRef Name="ListID"></FieldRef>
          <FieldRef Name="ItemID"></FieldRef>
        </ViewFields>
        <Query>
          <OrderBy>
            <FieldRef Name="ID"></FieldRef>
          </OrderBy>
        </Query>
        <ParameterBindings>
          <ParameterBinding Name="NoAnnouncements" Location="Resource(wss,noXinviewofY_LIST)" />
          <ParameterBinding Name="NoAnnouncementsHowTo" Location="Resource(wss,noXinviewofY_DEFAULT)" />
        </ParameterBindings>
      </View>
    </Views>
    <Forms>
      <Form Type="DisplayForm" Url="DispForm.aspx" SetupPath="pages\form.aspx" WebPartZoneID="Main" />
      <Form Type="EditForm" Url="EditForm.aspx" SetupPath="pages\form.aspx" WebPartZoneID="Main" />
      <Form Type="NewForm" Url="NewForm.aspx" SetupPath="pages\form.aspx" WebPartZoneID="Main" />
    </Forms>
  </MetaData>
</List>
