﻿<?xml version="1.0" encoding="utf-8"?>
<Feature xmlns="http://schemas.microsoft.com/sharepoint/" Id="31c07bd2-4941-401c-95da-240511118640" Scope="Site" Title="Niem.MyNiem MyNiem">
  <ElementManifests>
    <ElementManifest Location="CrossSiteListWebpart\Elements.xml" />
    <ElementFile Location="CrossSiteListWebpart\CrossSiteListWebpart.webpart" />
    <ElementManifest Location="DiscussionWebpart\Elements.xml" />
    <ElementFile Location="DiscussionWebpart\DiscussionWebpart.webpart" />
    <ElementManifest Location="EventsWebpart\Elements.xml" />
    <ElementFile Location="EventsWebpart\EventsWebpart.webpart" />
    <ElementManifest Location="NewsWebpart\Elements.xml" />
    <ElementFile Location="NewsWebpart\NewsEventsWebpart.webpart" />
    <ElementManifest Location="ProfileWebpart\Elements.xml" />
    <ElementFile Location="ProfileWebpart\ProfileWebpart.webpart" />
    <ElementManifest Location="ResourcesWebpart\Elements.xml" />
    <ElementFile Location="ResourcesWebpart\ResourcesWebpart.webpart" />
    <ElementManifest Location="SavedSearches\Elements.xml" />
    <ElementFile Location="SavedSearches\SavedSearches.webpart" />
    <ElementManifest Location="SaveSearch\Elements.xml" />
    <ElementFile Location="SaveSearch\SaveSearch.webpart" />
    <ElementManifest Location="ToolsWebpart\Elements.xml" />
    <ElementFile Location="ToolsWebpart\ToolsWebpart.webpart" />
  </ElementManifests>
</Feature>