<FieldTypes>
  <FieldType>
    <Field Name="TypeName">UserInterestField</Field>
    <Field Name="ParentType">Number</Field>
    <Field Name="TypeDisplayName">User Interest Field</Field>
    <Field Name="TypeShortDescription">Users's interest</Field>
    <Field Name="UserCreatable">TRUE</Field>
    <Field Name="FieldTypeClass">
      Niem.MyNiem.CustomFieldTypes.UserInterestField, Niem.MyNiem, Version=1.0.0.0, Culture=neutral, PublicKeyToken=2148a85e71ad92fb
    </Field>
  </FieldType>
</FieldTypes>
