<?xml version="1.0" encoding="utf-8"?>
<Feature xmlns="http://schemas.microsoft.com/sharepoint/" Description="Installs all but the modal webparts for MyNiem." Id="3c21a217-9069-476a-b582-04596563d056" Scope="Site" Title="MyNIEM">
  <ElementManifests>
    <ElementManifest Location="ProfileWebpart\Elements.xml" />
    <ElementFile Location="ProfileWebpart\ProfileWebpart.webpart" />
    <ElementManifest Location="CrossSiteListWebpart\Elements.xml" />
    <ElementFile Location="CrossSiteListWebpart\CrossSiteListWebpart.webpart" />
    <ElementManifest Location="ToolsWebpart\Elements.xml" />
    <ElementFile Location="ToolsWebpart\ToolsWebpart.webpart" />
    <ElementManifest Location="ResourcesWebpart\Elements.xml" />
    <ElementFile Location="ResourcesWebpart\ResourcesWebpart.webpart" />
    <ElementManifest Location="NewsWebpart\Elements.xml" />
    <ElementFile Location="NewsWebpart\NewsEventsWebpart.webpart" />
    <ElementManifest Location="EventsWebpart\Elements.xml" />
    <ElementFile Location="EventsWebpart\EventsWebpart.webpart" />
    <ElementManifest Location="SaveSearch\Elements.xml" />
    <ElementFile Location="SaveSearch\SaveSearch.webpart" />
    <ElementManifest Location="SavedSearches\Elements.xml" />
    <ElementFile Location="SavedSearches\SavedSearches.webpart" />
    <ElementManifest Location="DiscussionWebpart\Elements.xml" />
    <ElementFile Location="DiscussionWebpart\DiscussionWebpart.webpart" />
  </ElementManifests>
</Feature>
