﻿<?xml version="1.0" encoding="utf-8"?>
<Solution xmlns="http://schemas.microsoft.com/sharepoint/" SolutionId="58892aaf-4e46-4ff2-931a-a5a5341ba541" SharePointProductVersion="14.0">
  <Assemblies>
    <Assembly Location="Niem.MyNiem.dll" DeploymentTarget="GlobalAssemblyCache">
      <SafeControls>
        <SafeControl Assembly="Niem.MyNiem, Version=1.0.0.0, Culture=neutral, PublicKeyToken=2148a85e71ad92fb" Namespace="Niem.MyNiem.Webparts.ProfileWebpart" TypeName="*" />
        <SafeControl Assembly="Niem.MyNiem, Version=1.0.0.0, Culture=neutral, PublicKeyToken=2148a85e71ad92fb" Namespace="Niem.MyNiem.Webparts.CrossSiteListWebpart" TypeName="*" />
        <SafeControl Assembly="Niem.MyNiem, Version=1.0.0.0, Culture=neutral, PublicKeyToken=2148a85e71ad92fb" Namespace="Niem.MyNiem.Webparts.ToolsWebpart" TypeName="*" />
        <SafeControl Assembly="Niem.MyNiem, Version=1.0.0.0, Culture=neutral, PublicKeyToken=2148a85e71ad92fb" Namespace="Niem.MyNiem.Webparts.ResourcesWebpart" TypeName="*" />
        <SafeControl Assembly="Niem.MyNiem, Version=1.0.0.0, Culture=neutral, PublicKeyToken=2148a85e71ad92fb" Namespace="Niem.MyNiem.Webparts.NewsEventsWebpart" TypeName="*" />
        <SafeControl Assembly="Niem.MyNiem, Version=1.0.0.0, Culture=neutral, PublicKeyToken=2148a85e71ad92fb" Namespace="Niem.MyNiem.Webparts.EventsWebpart" TypeName="*" />
        <SafeControl Assembly="Niem.MyNiem, Version=1.0.0.0, Culture=neutral, PublicKeyToken=2148a85e71ad92fb" Namespace="Niem.MyNiem.Webparts.SaveSearch" TypeName="*" />
        <SafeControl Assembly="Niem.MyNiem, Version=1.0.0.0, Culture=neutral, PublicKeyToken=2148a85e71ad92fb" Namespace="Niem.MyNiem.Webparts.SavedSearches" TypeName="*" />
        <SafeControl Assembly="Niem.MyNiem, Version=1.0.0.0, Culture=neutral, PublicKeyToken=2148a85e71ad92fb" Namespace="Niem.MyNiem.Webparts.DiscussionWebpart" TypeName="*" />
        <SafeControl Assembly="Niem.MyNiem, Version=1.0.0.0, Culture=neutral, PublicKeyToken=2148a85e71ad92fb" Namespace="Niem.MyNiem.Receivers" TypeName="*" />
      </SafeControls>
    </Assembly>
  </Assemblies>
  <TemplateFiles>
    <TemplateFile Location="CONTROLTEMPLATES\Niem.MyNiem.Webparts\ProfileWebpart\ProfileWebpartUserControl.ascx" />
    <TemplateFile Location="CONTROLTEMPLATES\Niem.MyNiem.Webparts\ToolsWebpart\ToolsWebpartUserControl.ascx" />
    <TemplateFile Location="CONTROLTEMPLATES\Niem.MyNiem.Webparts\ResourcesWebpart\ResourcesWebpartUserControl.ascx" />
    <TemplateFile Location="CONTROLTEMPLATES\Niem.MyNiem.Webparts\NewsEventsWebpart\NewsEventsWebpartUserControl.ascx" />
    <TemplateFile Location="CONTROLTEMPLATES\Niem.MyNiem.Webparts\EventsWebpart\EventsWebpartUserControl.ascx" />
    <TemplateFile Location="CONTROLTEMPLATES\Niem.MyNiem.Webparts\SaveSearch\SaveSearchUserControl.ascx" />
    <TemplateFile Location="CONTROLTEMPLATES\Niem.MyNiem.Webparts\SavedSearches\SavedSearchesUserControl.ascx" />
    <TemplateFile Location="CONTROLTEMPLATES\Niem.MyNiem.Webparts\DiscussionWebpart\DiscussionWebpartUserControl.ascx" />
    <TemplateFile Location="CONTROLTEMPLATES\UserInterestFieldControl.ascx" />
    <TemplateFile Location="XML\fldtypes_UserInterestField.xml" />
    <TemplateFile Location="LAYOUTS\XSL\fldtypes_UserInterestField.xsl" />
    <TemplateFile Location="LAYOUTS\JS\fldtypes_UserInterestField.js" />
  </TemplateFiles>
  <FeatureManifests>
    <FeatureManifest Location="Niem.MyNiem_MyNiem\Feature.xml" />
    <FeatureManifest Location="Niem.MyNiem_MyNiem-Like\Feature.xml" />
  </FeatureManifests>
</Solution>